title,core_job_title,company_name,company_sector_and_industry,company_website,language_requirements,technical_tools,yearly_min_compensation,yearly_max_compensation,workplace_countries,workplace_states,workplace_cities,formatted_workplace_location,apply_url
Software Engineer,Software Engineer,Caterpillar,"['Construction Equipment Manufacturers', 'Machine Manufacturers', 'Manufacturing Companies', 'Shoe Brands', 'Turbine Manufacturers', 'Engine Manufacturers', 'Vehicle Parts Manufacturers', 'Clothing Companies']",caterpillar.com,['English'],"['Software development tools', 'Automated testing tools']",,,['IN'],"['Tamil Nadu, IN']","['Chennai, Tamil Nadu, IN']","Chennai, Tamil Nadu, India",https://cat.wd5.myworkdayjobs.com/caterpillarcareers/job/Chennai-Tamil-Nadu/Software-Engineer_R0000294903-1
Senior Software Engineer - Node.js,Senior Software Engineer,Caterpillar,"['Construction Equipment Manufacturers', 'Machine Manufacturers', 'Manufacturing Companies', 'Shoe Brands', 'Turbine Manufacturers', 'Engine Manufacturers', 'Vehicle Parts Manufacturers', 'Clothing Companies']",caterpillar.com,['English'],"['Node.js', 'Express', 'Jest', 'Cloudwatch', 'Redis', 'ECS Margate/Fargate', 'Lambdas', 'Containers', 'SQL', 'NoSQL']",43200,43200,['SK'],[],"['Kosice, null, SK']","Kosice, Slovakia",https://cat.wd5.myworkdayjobs.com/caterpillarcareers/job/Kosice-Slovakia/Senior-Software-Engineer---Nodejs_R0000289742
Senior Software Engineer,Senior Software Engineer,Caterpillar,"['Construction Equipment Manufacturers', 'Machine Manufacturers', 'Manufacturing Companies', 'Shoe Brands', 'Turbine Manufacturers', 'Engine Manufacturers', 'Vehicle Parts Manufacturers', 'Clothing Companies']",caterpillar.com,['English'],"['.NET', 'Java', 'Python', 'JavaScript', 'TypeScript', 'Angular', 'React', 'Service Fabric', 'Docker', 'Kubernetes', 'AWS', 'Azure', 'SQL', 'Apache Spark', 'Flink', 'Akka', 'Storm', 'Kafka', 'RabbitMQ', 'AWS SQS', 'AWS SNS', 'Apache ActiveMQ', 'Kinesis']",110520,179640,['US'],"['Virginia, US']","['Virginia Beach, Virginia, US']","Virginia Beach, Virginia, United States",https://cat.wd5.myworkdayjobs.com/caterpillarcareers/job/Virginia-Beach-Virginia/Senior-Software-Engineer_R0000293017-1
Lead Software Engineer,Lead Software Engineer,Caterpillar,"['Construction Equipment Manufacturers', 'Machine Manufacturers', 'Manufacturing Companies', 'Shoe Brands', 'Turbine Manufacturers', 'Engine Manufacturers', 'Vehicle Parts Manufacturers', 'Clothing Companies']",caterpillar.com,['English'],"['HCL Commerce', 'Java', 'J2EE', 'Agile']",149781,204720,['US'],"['Texas, US']","['Irving, Texas, US']","Irving, Texas, United States",https://cat.wd5.myworkdayjobs.com/caterpillarcareers/job/Irving-Texas/Lead-Software-Engineer_R0000294247
Software Engineer,Software Engineer,Physicsx.ai,['Information Technology'],https://physicsx.ai,['English'],"['Python', 'FastAPI', 'Kubernetes', 'Terraform', 'AWS', 'Azure']",120000,240000,['US'],"['New York, US']","['New York, New York, US']","New York, New York, United States",https://jobs.lever.co/physicsx.ai/a57e79ae-5ec6-41e5-83f6-31de417a16e5/apply
Forward Deployed Software Engineer,Software Engineer,Physicsx.ai,['Information Technology'],https://physicsx.ai,['English'],"['Python', 'FastAPI', 'Kubernetes', 'Terraform', 'AWS', 'Azure']",120000,240000,['US'],"['New York, US']","['New York, New York, US']","New York, New York, United States",https://jobs.lever.co/physicsx.ai/9bc87bac-de0d-41af-9ead-c8a28e3500f3/apply
Forward Deployed Software Engineer,Software Engineer,Physicsx.ai,['Information Technology'],https://physicsx.ai,['English'],"['Python', 'FastAPI', 'Kubernetes', 'Terraform', 'AWS', 'Azure']",,,['GB'],[],"['Shoreditch, null, GB']","Shoreditch, United Kingdom",https://jobs.lever.co/physicsx.ai/074ab541-4b2c-4344-b78e-d8b366c57b3c/apply
Frontend Software Engineer,Frontend Software Engineer,Physicsx.ai,['Information Technology'],https://physicsx.ai,['English'],"['TypeScript', 'React', 'Kubernetes', 'Webpack', 'Vite']",,,['GB'],"['London, GB']","['Shoreditch, London, GB']","Shoreditch, London, United Kingdom",https://jobs.lever.co/physicsx.ai/c450103c-7de8-4dc8-9457-23f3888c4898/apply
Software Engineer,Software Engineer,Commonwealth Bank of Australia,"['Banks', 'Financial Services Companies']",commbank.com.au,['English'],"['.NET Framework Core', 'C#', 'SOAP', 'REST APIs', 'Microservices', 'Node', 'Python', 'Azure Cloud', 'Power Platform', 'GitHub Actions', 'Azure DevOps', 'Splunk', 'Grafana', 'Prometheus', 'Postgres', 'Oracle', 'MongoDB', 'Kafka', 'Apache Camel', 'Temporal', 'Mulesoft']",,,['AU'],"['New South Wales, AU']","['Sydney, New South Wales, AU']","Sydney, New South Wales, Australia",https://cba.wd3.myworkdayjobs.com/commbank_careers/job/Sydney-CBD-Area/Software-Engineer_REQ230988
Software Engineer,Software Engineer,Commonwealth Bank of Australia,"['Banks', 'Financial Services Companies']",commbank.com.au,['English'],"['Java', 'Python', 'API Testing', 'Database Testing', 'Git', 'Continuous Integration', 'Continuous Delivery', 'Behaviour Driven Development', 'JIRA', 'Confluence']",,,['AU'],"['New South Wales, AU']","['Sydney, New South Wales, AU']","Sydney, New South Wales, Australia",https://cba.wd3.myworkdayjobs.com/commbank_careers/job/Sydney-CBD-Area/Software-Engineer_REQ231125-1
Software Engineer,Software Engineer,Commonwealth Bank of Australia,"['Banks', 'Financial Services Companies']",commbank.com.au,['English'],"['Linux', 'SQL', 'Java', 'Jira', 'GitHub', 'GitHub Actions', 'ETL', 'AWS', 'Docker', 'Kubernetes', 'Selenium', 'Appium', 'JUnit', 'Cucumber']",,,['IN'],[],"['Bangalore, null, IN']","Bangalore, India",https://cba.wd3.myworkdayjobs.com/commbank_careers/job/Bangalore---Manyata-Tech-Park-Road/Software-Engineer_REQ229129
Staff Software Engineer,Software Engineer,Commonwealth Bank of Australia,"['Banks', 'Financial Services Companies']",commbank.com.au,['English'],"['Java', 'Typescript', 'Go', 'C#', '.NET Core', 'Ansible', 'Terraform', 'Python', 'AWS', 'EKS', 'Helm', 'Lambda']",,,['AU'],"['New South Wales, AU']","['Sydney, New South Wales, AU']","Sydney, New South Wales, Australia",https://cba.wd3.myworkdayjobs.com/commbank_careers/job/Sydney-CBD-Area/Staff-Software-Engineer_REQ230005
Software Engineer,Software Engineer,Segula Technologies,['Information Technology'],https://www.segulatechnologies.com,['English'],"['C#', 'Python', 'Java', 'MATLAB']",35000,42000,['GB'],"['England, GB']","['Hexham, England, GB']","Hexham, England, United Kingdom",https://jobs.smartrecruiters.com/SegulaTechnologies/744000045162171-software-engineer
System & Software Engineer ,System Software Engineer,Segula Technologies,['Information Technology'],https://www.segulatechnologies.com,['Italian'],"['C++', 'RedHat Enterprise', 'Windows', 'VMware', 'VirtualBox', 'Qt']",,,['IT'],"['Lazio, IT']","['Rome, Lazio, IT']","Rome, Lazio, Italy",https://jobs.smartrecruiters.com/SegulaTechnologies/744000046187746-system-software-engineer-
Embedded Software Engineer- ADAS,Embedded Software Engineer,Segula Technologies,['Information Technology'],https://www.segulatechnologies.com,"['English', 'Swedish']","['C', 'C++', 'Python', 'AUTOSAR', 'Matlab']",,,['SE'],[],"['Gothenburg, null, SE']","Gothenburg, Västra Götaland County, Sweden",https://jobs.smartrecruiters.com/SegulaTechnologies/744000046534801-embedded-software-engineer-adas
Software Development Engineer (SDE) H/F,Software Development Engineer,Segula Technologies,['Information Technology'],https://www.segulatechnologies.com,['French'],"['C#', 'Python', 'Java', 'MATLAB']",,,['FR'],"['Hauts-de-France, FR']","['Prouvy, Hauts-de-France, FR']","Prouvy, Hauts-de-France, France",https://jobs.smartrecruiters.com/SegulaTechnologies/744000046325227-software-development-engineer-sde-h-f
Software Engineer,Software Engineer,Samsara,"['Software Companies', 'Internet Of Things Companies', 'Computer Hardware Companies']",samsara.com,['English'],"['Golang', 'GraphQL', 'Typescript', 'React']",,,['PL'],[],[],Poland,https://www.samsara.com/company/careers/roles/6486317?gh_jid=6486317
Software Engineer,Software Engineer,Samsara,"['Software Companies', 'Internet Of Things Companies', 'Computer Hardware Companies']",samsara.com,['English'],"['Golang', 'GraphQL', 'Typescript', 'React']",,,['GB'],[],[],United Kingdom,https://www.samsara.com/company/careers/roles/6691599?gh_jid=6691599
Software Engineer II,Software Engineer,Samsara,"['Software Companies', 'Internet Of Things Companies', 'Computer Hardware Companies']",samsara.com,['English'],"['Golang', 'JavaScript', 'TypeScript', 'React', 'GraphQL']",,,['PL'],[],[],Poland,https://www.samsara.com/company/careers/roles/6479086?gh_jid=6479086
Software Engineer - Mobile Platform,Software Engineer,Samsara,"['Software Companies', 'Internet Of Things Companies', 'Computer Hardware Companies']",samsara.com,['English'],"['React Native', 'Typescript', 'Redux', 'Golang', 'GraphQL']",104550,135300,['CA'],[],[],Canada,https://www.samsara.com/company/careers/roles/6606879?gh_jid=6606879
Software Engineer,Software Engineer,UK Centre for Ecology & Hydrology,"['Research Institutes And Labs', 'Educational Institutions', 'Educational Organizations', 'Environmental Organizations', 'Climate Change Organizations', 'Water Organizations']",ceh.ac.uk,['English'],"['Python', 'Java', 'JavaScript', 'React', 'Vue.js', 'Container Orchestration', 'Infrastructure as Code']",37405,39694,['GB'],[],"['Lancaster, null, GB']","Lancaster, United Kingdom",https://ceh.wd3.myworkdayjobs.com/ceh_careers/job/Lancaster/Software-Engineer_JR1309
Software Engineer,Software Engineer,Danaher,"['Medical Technology Companies', 'Manufacturing Companies', 'Health Care Companies', 'Medical Organizations', 'Engine Manufacturers', 'Electronic Products Manufacturers']",danaher.com,"['Swedish', 'English']","['C#', '.NET', 'Azure DevOps']",,,['SE'],[],"['Uppsala, null, SE']","Uppsala, Sweden",https://danaher.wd1.myworkdayjobs.com/cytivajobspp/job/Uppsala-Sweden/Software-Engineer_R1284551
"Senior Software Engineer - .Net, C#, Fullstack,javascript",Senior Software Engineer,Danaher,"['Medical Technology Companies', 'Manufacturing Companies', 'Health Care Companies', 'Medical Organizations', 'Engine Manufacturers', 'Electronic Products Manufacturers']",danaher.com,['English'],"['C#', 'HTML', 'JavaScript', '.NET Core', 'React JS', 'Redux', 'Azure', 'AWS', 'WCF', 'Azure DevOps']",,,['IN'],"['Karnataka, IN']","['Bangalore, Karnataka, IN']","Bangalore, Karnataka, India",https://danaher.wd1.myworkdayjobs.com/cytivajobspp/job/Bangalore-Karnataka-India/Senior-Software-Engineer---Net--C---Fullstack-javascript_R1280981
Field Engineer II Instrument Automation (Software Automation),Field Engineer,Danaher,"['Medical Technology Companies', 'Manufacturing Companies', 'Health Care Companies', 'Medical Organizations', 'Engine Manufacturers', 'Electronic Products Manufacturers']",danaher.com,['English'],"['Salesforce.com', 'SharePoint']",,,['IN'],[],[],India,https://danaher.wd1.myworkdayjobs.com/cytivajobspp/job/IND---Bangalore-JFWTC---Cytiva/Field-Engineer-II-Instrument-Automation--Software-Automation-_R1282266
Öppen ansökan till Cytiva R&D Software,Software Developer,Danaher,"['Medical Technology Companies', 'Manufacturing Companies', 'Health Care Companies', 'Medical Organizations', 'Engine Manufacturers', 'Electronic Products Manufacturers']",danaher.com,"['Swedish', 'English']","['C#', 'C++', 'WPF', 'FlaUI', 'SpecFlow', 'Azure DevOps']",,,['SE'],[],"['Uppsala, null, SE']","Uppsala, Sweden",https://danaher.wd1.myworkdayjobs.com/cytivajobspp/job/Uppsala-Sweden/ppen-anskan-till-Cytiva-R-D-Software_R1286141
Software Engineer,Software Engineer,Smartwyre,"['Software As A Service Companies', 'Software Companies']",smartwyre.com,['English'],"['.NET Framework', 'C#', 'ASP.NET', 'Web API', 'JavaScript', 'HTML', 'CSS', 'React', 'Angular', 'SQL Server', 'MySQL', 'Entity Framework']",100000,120000,['US'],[],[],United States,https://jobs.eu.lever.co/smartwyre/02d21ab6-10ae-4261-a516-bf9e36c8080e/apply
Cloud Engineer,Cloud Engineer,Smartwyre,"['Software As A Service Companies', 'Software Companies']",smartwyre.com,['English'],"['Azure', 'Terraform', 'Docker', 'Azure DevOps', 'Python', 'PowerShell', 'Bash']",60000,70000,['GB'],[],[],United Kingdom,https://jobs.eu.lever.co/smartwyre/26384971-21cb-4a6a-8585-0d64594d35d6/apply
Software Engineer ,Software Engineer,Freetrade,['Finance'],https://freetrade.io/,['English'],"['NodeJS', 'Typescript', 'Google Cloud Platform', 'Postgresql']",,,['HU'],[],"['Budapest, null, HU']","Budapest, Hungary",https://freetrade.pinpointhq.com/en/postings/3c3f54d9-d394-4a49-a908-cf3c23ea6337
Senior Software Engineer,Senior Software Engineer,Freetrade,['Finance'],https://freetrade.io/,['English'],"['NodeJS', 'Typescript', 'Google Cloud Platform', 'Postgresql']",,,['HU'],[],"['Budapest, null, HU']","Budapest, Hungary",https://freetrade.pinpointhq.com/en/postings/835e28af-0802-430d-8d9a-fa947ce730f3
Senior Software Engineer ,Senior Software Engineer,Freetrade,['Finance'],https://freetrade.io/,['English'],"['Google Cloud Platform', 'Firestore', 'Google Kubernetes Engine', 'PubSub', 'Cloud SQL', 'Typescript']",75000,107000,['GB'],[],"['London, null, GB']","London, United Kingdom",https://freetrade.pinpointhq.com/en/postings/efc88239-b211-4c18-85ec-50339d4459ae
iOS Mobile Engineer,iOS Mobile Engineer,Freetrade,['Finance'],https://freetrade.io/,['English'],"['Swift', 'UIKit', 'SwiftUI', 'APIs', 'Git', 'CircleCI']",,,['HU'],[],"['Budapest, null, HU']","Budapest, Hungary",https://freetrade.pinpointhq.com/en/postings/88a0b0ff-fc1e-4bb2-8af6-b9035b0df1bd
Software Engineer,Software Engineer,Cadence Design Systems,"['Software Companies', 'Electronic Products Manufacturers', 'Manufacturing Companies', 'Design Companies']",cadence.com,['English'],[],,,['GB'],[],"['Cambridge, null, GB']","Cambridge, United Kingdom",https://cadence.wd1.myworkdayjobs.com/external_careers/job/CAMBRIDGE/Software-Engineer_R48536
Principal Software Engineer,Software Engineer,Cadence Design Systems,"['Software Companies', 'Electronic Products Manufacturers', 'Manufacturing Companies', 'Design Companies']",cadence.com,['English'],[],,,['GB'],[],"['Cambridge, null, GB']","Cambridge, United Kingdom",https://cadence.wd1.myworkdayjobs.com/external_careers/job/CAMBRIDGE/Principal-Software-Engineer_R48765
Software Engineer II,Software Engineer,Cadence Design Systems,"['Software Companies', 'Electronic Products Manufacturers', 'Manufacturing Companies', 'Design Companies']",cadence.com,['English'],"['Java', 'C/C++', 'shell script', 'Tcl script', 'UNIX', 'Windows']",,,['TW'],[],"['Hsinchu, null, TW']","Hsinchu, Taiwan",https://cadence.wd1.myworkdayjobs.com/external_careers/job/HSINCHU-05/Software-Engineer-II_R49041
Sr Principal Software Engineer,Software Engineer,Cadence Design Systems,"['Software Companies', 'Electronic Products Manufacturers', 'Manufacturing Companies', 'Design Companies']",cadence.com,['English'],"['C++', 'Unix', 'Tcl']",,,['IN'],[],"['Noida, null, IN']","Noida, India",https://cadence.wd1.myworkdayjobs.com/external_careers/job/NOIDA/Sr-Principal-Software-Engineer_R48084
"Engineer, Software",Software Engineer,Standard Bank Group,['Finance'],https://www.standardbank.com,['English'],"['Agile Engineering', 'API Engineering', 'Automation', 'Cloud Computing', 'Continuous Delivery', 'Continuous Deployment', 'Continuous Integration', 'Data Engineering', 'Design Thinking']",,,['ZA'],"['GP, ZA']","['Johannesburg, GP, ZA']","Johannesburg, GP, South Africa",https://jobs.smartrecruiters.com/StandardBankGroup/744000046574835-engineer-software
"Engineer, Software",Software Engineer,Standard Bank Group,['Finance'],https://www.standardbank.com,['English'],"['Agile Engineering', 'API Engineering', 'Automation', 'Cloud Computing', 'Continuous Deployment', 'Continuous Integration', 'Data Engineering', 'Design Thinking']",,,['ZA'],"['Gauteng, ZA']","['Johannesburg, Gauteng, ZA']","Johannesburg, Gauteng, South Africa",https://jobs.smartrecruiters.com/StandardBankGroup/744000046573922-engineer-software
"Engineer, Software",Software Engineer,Standard Bank Group,['Finance'],https://www.standardbank.com,['English'],"['AWS', 'Azure', 'Microsoft .NET Framework', 'C#', 'Java', 'Microsoft SQL Server']",,,['ZA'],"['GP, ZA']","['Johannesburg, GP, ZA']","Johannesburg, GP, South Africa",https://jobs.smartrecruiters.com/StandardBankGroup/744000044672495-engineer-software
"Engineer, Software",Software Engineer,Standard Bank Group,['Finance'],https://www.standardbank.com,['English'],"['Oracle Database', 'PL/SQL', 'SQL', 'Python']",,,['ZA'],"['Gauteng, ZA']","['Johannesburg, Gauteng, ZA']","Johannesburg, Gauteng, South Africa",https://jobs.smartrecruiters.com/StandardBankGroup/744000044485318-engineer-software
Software Engineer,Software Engineer,AMERICAN SYSTEMS,['Information Technology'],https://www.americansystems.com,['English'],"['C/C++', 'JAVA', 'Java Native Interface (JNI)', 'Database Connectivity (JDBC)', 'Oracle Pro *C', 'Structured Query Language (SQL)', 'Visual Basic', 'Azure DevOps']",,,['US'],"['Virginia, US']","['Fredericksburg, Virginia, US']","Fredericksburg, Virginia, United States",https://careers-americansystems.icims.com/jobs/1987/job?utm_source=hiringcafe_integration&iis=Job%20Board&iisn=HiringCafe
Software Engineer,Software Engineer,AMERICAN SYSTEMS,['Information Technology'],https://www.americansystems.com,['English'],"['C', 'Kotlin', 'Java', 'Android Development', 'Desktop Development', 'Oscilloscope', 'Logic Analyzers', 'TCP/IP', 'Socket Programming']",91600,153000,['US'],"['Virginia, US']","['Dahlgren, Virginia, US']","Dahlgren, Virginia, United States",https://careers-americansystems.icims.com/jobs/2185/job?utm_source=hiringcafe_integration&iis=Job%20Board&iisn=HiringCafe
NAVAIR Software Engineer,Software Engineer,AMERICAN SYSTEMS,['Information Technology'],https://www.americansystems.com,['English'],"['Embedded coding languages', 'MIL-STD-1553', 'ARINC-429', 'Ethernet', 'Serial communication protocols']",91600,153000,['US'],"['Maryland, US']","['Patuxent, Maryland, US']","Patuxent, Maryland, United States",https://careers-americansystems.icims.com/jobs/2178/job?utm_source=hiringcafe_integration&iis=Job%20Board&iisn=HiringCafe
NAVAIR Software Engineer/ Scrum Master,Software Engineer,AMERICAN SYSTEMS,['Information Technology'],https://www.americansystems.com,['English'],[],80100,168400,['US'],"['Maryland, US']","['Patuxent, Maryland, US']","Patuxent, Maryland, United States",https://careers-americansystems.icims.com/jobs/2214/job?utm_source=hiringcafe_integration&iis=Job%20Board&iisn=HiringCafe
Software Engineer,Software Engineer,OutSystems,"['Software Companies', 'Computer Hardware Companies', 'Cloud Computing Providers', 'Software As A Service Companies']",outsystems.com,['English'],[],,,['PT'],[],[],Portugal,https://outsystems.wd5.myworkdayjobs.com/outsystems/job/Portugal---Remote/Software-Engineer_R658
Principal Software Engineer,Principal Software Engineer,OutSystems,"['Software Companies', 'Computer Hardware Companies', 'Cloud Computing Providers', 'Software As A Service Companies']",outsystems.com,['English'],"['C#', '.NET', 'React', 'Javascript', 'TypeScript', 'CSS']",,,['US'],[],[],United States,https://outsystems.wd5.myworkdayjobs.com/outsystems/job/US---Remote/Principal-Software-Engineer_R473
Senior Software Engineer,Senior Software Engineer,OutSystems,"['Software Companies', 'Computer Hardware Companies', 'Cloud Computing Providers', 'Software As A Service Companies']",outsystems.com,['English'],"['C#', '.NET', 'REST APIs', 'AWS', 'Kubernetes']",,,['PT'],[],"['Lisbon, null, PT']","Lisbon, Portugal",https://outsystems.wd5.myworkdayjobs.com/outsystems/job/Portugal---Lisbon/Senior-Software-Engineer_R644
Lead Software Engineer,Lead Software Engineer,OutSystems,"['Software Companies', 'Computer Hardware Companies', 'Cloud Computing Providers', 'Software As A Service Companies']",outsystems.com,['English'],"['Kafka Streams', 'Apache Spark', 'Apache Flink', 'Java', 'Scala', 'Python', 'C#', 'Go', 'Node', 'Spring Boot']",,,['IN'],"['Karnataka, IN']","['Bangalore, Karnataka, IN']","Bangalore, Karnataka, India",https://outsystems.wd5.myworkdayjobs.com/outsystems/job/India---Bangalore/Lead-Software-Engineer_R659-1
Software Engineer,Software Engineer,Equifax,"['Financial Data Vendors', 'Financial Services Companies', 'Software Companies', 'Data Providers']",equifax.com,['English'],"['Java', 'Python', 'JavaScript', 'Maven', 'Gradle', 'HTML', 'CSS', 'GCP', 'AWS', 'Azure', 'SQL Server', 'MySQL', 'JUnit', 'Selenium', 'LoadRunner', 'SoapUI']",,,['IN'],[],"['Pune, null, IN']","Pune, India",https://equifax.wd5.myworkdayjobs.com/external/job/IND-Pune-Equifax-Analytics-PTEC/Software-Engineer_J00164226
Software Engineer,Software Engineer,Equifax,"['Financial Data Vendors', 'Financial Services Companies', 'Software Companies', 'Data Providers']",equifax.com,['English'],"['Java', 'SpringBoot', 'TypeScript', 'JavaScript', 'HTML', 'CSS', 'GCP', 'AWS', 'Azure', 'Jenkins', 'Terraform', 'Helm', 'SQL Server', 'MySQL', 'JIRA', 'Confluence', 'Git', 'Maven', 'Gradle', 'JUnit', 'Selenium', 'LoadRunner', 'SoapUI']",,,['IN'],"['Kerala, IN']","['Trivandrum, Kerala, IN']","Trivandrum, Kerala, India",https://equifax.wd5.myworkdayjobs.com/external/job/IND-Trivandrum-Equifax-Analytics-PTEC/Software-Engineer_J00163244
Software Engineer,Software Engineer,Equifax,"['Financial Data Vendors', 'Financial Services Companies', 'Software Companies', 'Data Providers']",equifax.com,['English'],"['Java', 'SpringBoot', 'TypeScript', 'JavaScript', 'HTML', 'CSS', 'GCP', 'AWS', 'Azure', 'Jenkins', 'Terraform', 'Kubernetes', 'SQL Server', 'MySQL', 'JIRA', 'Confluence', 'JUnit', 'Selenium']",,,['IN'],[],"['Trivandrum, null, IN']","Trivandrum, India",https://equifax.wd5.myworkdayjobs.com/external/job/IND-Trivandrum-Equifax-Analytics-PTEC/Software-Engineer_J00163547
Software Engineer,Software Engineer,Equifax,"['Financial Data Vendors', 'Financial Services Companies', 'Software Companies', 'Data Providers']",equifax.com,['English'],"['Java', 'SpringBoot', 'TypeScript', 'JavaScript', 'HTML', 'CSS', 'GCP', 'AWS', 'Azure', 'Kubernetes', 'Jenkins', 'Terraform', 'SQL Server', 'MySQL', 'JIRA', 'Confluence', 'JUnit', 'Selenium']",,,['US'],"['Kentucky, US', 'Georgia, US', 'Missouri, US']","['Louisville, Kentucky, US', 'Alpharetta, Georgia, US', 'St. Louis, Missouri, US']",Louisville or Alpharetta or St. Louis,https://equifax.wd5.myworkdayjobs.com/external/job/USA-KY-Louisville/Software-Engineer_J00164102
Software Engineer,Software Engineer,Bank of America,"['Banks', 'Financial Services Companies', 'Investment Companies', 'Brokerage Firms']",bankofamerica.com,['English'],"['Python', 'Java', 'JavaScript', 'C#', 'GoLang', 'Django', 'FastAPI', 'Git', 'Jira', 'Jenkins', 'Terraform', 'Ansible', 'Chef']",,,['US'],"['Georgia, US', 'Texas, US', 'Arizona, US']","['Atlanta, Georgia, US', 'Plano, Texas, US', 'Chandler, Arizona, US']",Atlanta or Plano or Chandler,https://ghr.wd1.myworkdayjobs.com/lateral-us/job/Atlanta/Python-Developer---Automation-Engineer_24036414
Software Engineer III - Quartz Core Technology,Software Engineer,Bank of America,"['Banks', 'Financial Services Companies', 'Investment Companies', 'Brokerage Firms']",bankofamerica.com,['English'],"['C++', 'Python', 'MySQL', 'PostgreSQL', 'CouchDB', 'Hadoop', 'Apache Hive']",100700,180000,['US'],"['New York, US']","['New York, New York, US']","New York, New York, United States",https://ghr.wd1.myworkdayjobs.com/lateral-us/job/New-York/Software-Engineer-III---Quartz-Core-Technology_24048498
Software Engineer III - Quartz Security,Software Engineer,Bank of America,"['Banks', 'Financial Services Companies', 'Investment Companies', 'Brokerage Firms']",bankofamerica.com,['English'],"['Python', 'OpenSSL', 'Wireshark']",100700,180000,['US'],"['New York, US']","['New York, New York, US']","New York, New York, United States",https://ghr.wd1.myworkdayjobs.com/lateral-us/job/New-York/Software-Engineer-III---Quartz-Security_24048510
Lead Full Stack Java Engineer - Global Information Security,Lead Full Stack Engineer,Bank of America,"['Banks', 'Financial Services Companies', 'Investment Companies', 'Brokerage Firms']",bankofamerica.com,['English'],"['Java', 'Spring Frameworks', 'RESTful APIs', 'React.js', 'Angular', 'HTML', 'CSS', 'SQL', 'PostgreSQL', 'MongoDB', 'GIT', 'Maven', 'Jenkins', 'JIRA']",119000,200400,['US'],"['Illinois, US']","['Chicago, Illinois, US']","Chicago, Illinois, United States",https://ghr.wd1.myworkdayjobs.com/lateral-us/job/Chicago/Lead-Full-Stack-Java-Engineer---Global-Information-Security_25002089-2
Software Engineer,Software Engineer,Swiss IT Security,"['Security Software Companies', 'Enterprise Software Companies', 'Software Companies']",sits-group.ch,"['English', 'Dutch']","['C#', 'Azure DevOps', 'SQL', 'CI/CD tools', 'Omada Identity', 'Microsoft Entra']",,,['NL'],"['Gelderland, NL']","['Waardenburg, Gelderland, NL']","Waardenburg, Gelderland, Netherlands",https://boards.eu.greenhouse.io/swissitsecuritygroup/jobs/4554225101?gh_jid=4554225101
Lehrstelle Informatik EFZ-Plattformentwicklung (m/w/d),Apprentice Developer,Swiss IT Security,"['Security Software Companies', 'Enterprise Software Companies', 'Software Companies']",sits-group.ch,"['German', 'English']","['Java', 'C#', 'Python']",,,['CH'],"['St. Gallen, CH']","['Jona, St. Gallen, CH']","Jona, St. Gallen, Switzerland",https://boards.eu.greenhouse.io/swissitsecuritygroup/jobs/4382755101?gh_jid=4382755101
Software Engineer,Software Engineer,Traxion,"['Consumer Service Companies', 'Enterprise Software Companies', 'Security Software Companies', 'Software Companies']",traxion.com,"['English', 'Dutch']","['C#', 'Azure DevOps', 'CI/CD tools', 'SQL']",,,['NL'],"['Gelderland, NL']","['Waardenburg, Gelderland, NL']","Waardenburg, Gelderland, Netherlands",https://boards.eu.greenhouse.io/workattraxion/jobs/4540741101?gh_jid=4540741101
Software Engineer,Software Engineer,"Teleosoft, Inc.",['Information Technology'],https://www.teleosoft.com,['English'],"['C#', 'TypeScript', 'T-SQL', '.NET Framework', '.NET Core', '.NET Entity Framework', 'ASP.NET MVC', 'React', 'Windows Server', 'SQL Server', 'IIS', 'Visual Studio', 'Git', 'Azure DevOps']",,,['US'],"['Pennsylvania, US']","['York, Pennsylvania, US']","York, Pennsylvania, United States",https://jobs.smartrecruiters.com/TeleosoftInc/744000038423785-software-engineer
Software Engineering Manager,Software Engineering Manager,"Teleosoft, Inc.",['Information Technology'],https://www.teleosoft.com,['English'],"['C# .NET', 'JavaScript', 'React', 'SQL', 'Windows Server', 'SQL Server', 'IIS', 'Visual Studio', 'Git SCM', 'Azure DevOps']",,,['US'],"['Pennsylvania, US']","['York, Pennsylvania, US']","York, Pennsylvania, United States",https://jobs.smartrecruiters.com/TeleosoftInc/744000032273995-software-engineering-manager
Software Engineer Senior/Staff,Software Engineer,Woodward Governor,"['Machine Manufacturers', 'Manufacturing Companies']",woodward.com,['English'],"['Software Development Tools', 'Compilers', 'Debuggers']",130800,196200,['US'],"['Illinois, US']","['Niles, Illinois, US']","Niles, Illinois, United States",https://woodward.wd5.myworkdayjobs.com/woodward/job/Niles-IL-US/Software-Engineer-Senior-Staff_JR104456
Software Engineer (m/w/d),Software Engineer,Woodward Governor,"['Machine Manufacturers', 'Manufacturing Companies']",woodward.com,['German'],"['IEC61131', 'Python', 'C']",,,['DE'],[],"['Stuttgart, null, DE']","Stuttgart, Germany",https://woodward.wd5.myworkdayjobs.com/woodward/job/Stuttgart-DE/Senior-Engineer-Software_JR104161
Linux Staff Software Engineer,Linux Software Engineer,Woodward Governor,"['Machine Manufacturers', 'Manufacturing Companies']",woodward.com,"['English', 'Polish']","['C++', 'C', 'Yocto', 'U-Boot', 'Linux Kernel', 'PREEMPT_RT', 'Systemd', 'Git']",204000,312000,['PL'],[],"['Niepolomice, null, PL']","Niepolomice, Poland",https://woodward.wd5.myworkdayjobs.com/woodward/job/Niepolomice-PL/Linux-Staff-Software-Engineer_JR103580
SENIOR ENGINEER APPLICATION,Senior Engineer,Woodward Governor,"['Machine Manufacturers', 'Manufacturing Companies']",woodward.com,['English'],"['GAP software', 'HMI software', 'ProE', 'NetSim', 'Toolkit', 'Intellution', 'Citect', 'AutoCad', 'MatlLab', 'Simulink']",,,['AU'],[],"['Sydney, null, AU']","Sydney, Australia",https://woodward.wd5.myworkdayjobs.com/woodward/job/Sydney-AU/SENIOR-ENGINEER-APPLICATION_JR104938
Software Engineer,Software Engineer,Applied Intuition,['Information Technology'],http://www.appliedintuition.com,['English'],"['C++', 'JavaScript', 'Python', 'Golang', 'React', 'GraphQL', 'Docker', 'Kubernetes', 'ROS']",,,"['DE', 'US', 'SE', 'KR', 'JP']","['Bavaria, DE', 'California, US', 'Florida, US', 'Michigan, US']","['Munich, Bavaria, DE', 'Mountain View, California, US', 'San Diego, California, US', 'Ft. Walton Beach, Florida, US', 'Ann Arbor, Michigan, US', 'Detroit, Michigan, US', 'Washington, D.C., null, US', 'Stuttgart, null, DE', 'Munich, null, DE', 'Stockholm, null, SE', 'Seoul, null, KR', 'Tokyo, null, JP']","Munich or Mountain View or San Diego or Ft. Walton Beach or Ann Arbor or Detroit or Washington, D.C. or Stuttgart or Munich or Stockholm or Seoul or Tokyo",https://boards.greenhouse.io/appliedintuition/jobs/4091538005?gh_jid=4091538005
Software Engineer - Controls,Software Engineer,Applied Intuition,['Information Technology'],http://www.appliedintuition.com,['English'],"['C++', 'Nonlinear MPC', 'MPPI Control', 'Quadratic Programming Solvers', 'Nonlinear Optimization Tools']",125000,222000,['US'],"['California, US']","['Mountain View, California, US']","Mountain View, California, United States",https://boards.greenhouse.io/appliedintuition/jobs/4045179005?gh_jid=4045179005
Software Engineer - Calibration,Software Engineer,Applied Intuition,['Information Technology'],http://www.appliedintuition.com,['English'],"['C++', 'Python']",125000,222000,['US'],"['California, US']","['Mountain View, California, US']","Mountain View, California, United States",https://boards.greenhouse.io/appliedintuition/jobs/4373450005?gh_jid=4373450005
Software Engineer,Software Engineer,Applied Intuition,['Information Technology'],http://www.appliedintuition.com,['English'],"['Python', 'C++']",,,['JP'],[],"['Tokyo, null, JP']","Tokyo, Japan",https://boards.greenhouse.io/appliedintuition/jobs/4330203005?gh_jid=4330203005
Software Engineer,Software Engineer,Neocoil LLC,['Healthcare'],,['English'],"['Java', 'C', 'C++', 'C#', 'Android Development', 'Apple Development']",,,['US'],"['Wisconsin, US']","['Pewaukee, Wisconsin, US']","Pewaukee, Waukesha County, Wisconsin",https://recruiting.paylocity.com/Recruiting/Jobs/Details/3043325
Graduate Software Engineer,Software Engineer,Thales,"['Defense Companies', 'Professional Service Companies', 'Electronic Products Manufacturers', 'Manufacturing Companies']",thalesgroup.com,['English'],['Programming'],,,['AU'],"['New South Wales, AU']","['Rydalmere, New South Wales, AU']","Rydalmere, New South Wales, Australia",https://thales.wd3.myworkdayjobs.com/careers/job/Rydalmere/Graduate-Software-Engineer_R0275988-1
Software Engineer,Software Engineer,Thales,"['Defense Companies', 'Professional Service Companies', 'Electronic Products Manufacturers', 'Manufacturing Companies']",thalesgroup.com,['English'],"['Java', 'JUnit', 'GIT', 'Bitbucket', 'Jenkins', 'Eclipse', 'JIRA']",,,['SG'],[],[],Singapore,https://thales.wd3.myworkdayjobs.com/careers/job/Singapore/Software-Engineer_R0274235-1
Sr. Software Engineer,Software Engineer,Thales,"['Defense Companies', 'Professional Service Companies', 'Electronic Products Manufacturers', 'Manufacturing Companies']",thalesgroup.com,['English'],"['.NET', 'C#', 'ASP.NET', 'REST', 'HTML', 'CSS', 'JavaScript', 'Git', 'Microsoft SQL', 'PostgreSQL', 'AWS', 'DevOps']",,,['IN'],"['Uttar Pradesh, IN']","['Noida, Uttar Pradesh, IN']","Noida, Uttar Pradesh, India",https://thales.wd3.myworkdayjobs.com/careers/job/Noida-Berger-Tower/Sr-Software-Engineer_R0259773-1
Graduate Software Engineer,Software Engineer,Thales,"['Defense Companies', 'Professional Service Companies', 'Electronic Products Manufacturers', 'Manufacturing Companies']",thalesgroup.com,['English'],['Java'],,,['AU'],"['Victoria, AU']","['Melbourne, Victoria, AU']","Melbourne, Victoria, Australia",https://thales.wd3.myworkdayjobs.com/careers/job/Melbourne/Graduate-Software-Engineer_R0276583
Software Engineer,Software Engineer,Capgemini,['Information Technology'],http://www.capgemini.com,['English'],[],60000,75000,['CA'],"['Ontario, CA']","['Mississauga, Ontario, CA']","Mississauga, Ontario, Canada",https://stgcapgemini.taleo.net/careersection/1/jobdetail.ftl?job=054840&lang=en
Senior Software Engineer - Senior Software Development Engineer,Senior Software Engineer,Capgemini,['Information Technology'],http://www.capgemini.com,['English'],"['C', 'C++', 'Java']",,,['US'],"['Georgia, US']","['Atlanta, Georgia, US']","Atlanta, Georgia, United States",https://stgcapgemini.taleo.net/careersection/1/jobdetail.ftl?job=052445&lang=en
Senior Software Engineer - Middleware Engineer,Senior Software Engineer,Capgemini,['Information Technology'],http://www.capgemini.com,['English'],"['Java', 'PCF', 'Kafka', 'Cloud Native - AWS', 'Cloud Native - Azure']",,,['CA'],[],[],Canada,https://stgcapgemini.taleo.net/careersection/1/jobdetail.ftl?job=052641&lang=en
Senior Software Engineer -  .Net Developer,Senior Software Engineer,Capgemini,['Information Technology'],http://www.capgemini.com,['English'],"['Microsoft C#.NET', 'VB.NET', 'Visual Studio', 'SQL']",,,['US'],"['Texas, US', 'South Carolina, US']","['San Antonio, Texas, US', 'Houston, Texas, US', 'Columbia, South Carolina, US']",San Antonio or Houston or Columbia,https://stgcapgemini.taleo.net/careersection/1/jobdetail.ftl?job=053017&lang=en
Software Engineer ,Software Engineer,BigID,"['Data Analytics Companies', 'Software Companies', 'Enterprise Software Companies', 'Security Software Companies']",bigid.com,['English'],"['Java', 'Node.js', 'Jenkins', 'GIT', 'AWS', 'Azure', 'Kubernetes', 'Linux', 'MongoDB']",,,['AR'],[],"['Buenos Aires, null, AR']","Buenos Aires, Argentina",https://job-boards.greenhouse.io/bigid/jobs/7861073002
Software Engineer ,Software Engineer,BigID,"['Data Analytics Companies', 'Software Companies', 'Enterprise Software Companies', 'Security Software Companies']",bigid.com,['English'],"['Java', 'AWS', 'GCP', 'Azure', 'Jenkins', 'Kubernetes', 'MongoDB', 'Redis', 'RabbitMQ', 'Typescript', 'Javascript', 'Datadog', 'Kibana']",,,['AR'],[],"['Buenos Aires, null, AR']","Buenos Aires, Argentina",https://job-boards.greenhouse.io/bigid/jobs/7892670002
Senior Software Engineer,Senior Software Engineer,BigID,"['Data Analytics Companies', 'Software Companies', 'Enterprise Software Companies', 'Security Software Companies']",bigid.com,['English'],"['C', 'C++', 'Java', 'Go', 'Rust', 'C#', 'Terraform', 'Puppeteer']",,,['AR'],[],"['Buenos Aires, null, AR']","Buenos Aires, Argentina",https://job-boards.greenhouse.io/bigid/jobs/7875323002
Software Engineer- Cloud Team,Software Engineer,BigID,"['Data Analytics Companies', 'Software Companies', 'Enterprise Software Companies', 'Security Software Companies']",bigid.com,['English'],"['NodeJs', 'Java', 'Python', 'Kubernetes', 'AWS']",,,['IL'],[],"['Tel Aviv, null, IL']","Tel Aviv, Israel",https://job-boards.greenhouse.io/bigid/jobs/7892634002
Software Engineer ,Software Engineer,Mews,"['Software Companies', 'Cloud Computing Providers', 'Computer Hardware Companies']",mews.com,['English'],"['.NET', 'Azure', 'React', 'Redux', 'JavaScript', 'TypeScript', 'SQL', 'DevOps', 'CI/CD']",,,['CZ'],[],[],Czech Republic,https://www.mews.com/en/careers/jobs/4211376101?gh_jid=4211376101
Software Engineer,Backend Engineer,Mews,"['Software Companies', 'Cloud Computing Providers', 'Computer Hardware Companies']",mews.com,['English'],"['Ruby', 'Rails', 'PostgreSQL', 'Go', 'AWS', 'Git', 'CI/CD']",,,['ES'],[],[],Spain,https://www.mews.com/en/careers/jobs/4472485101?gh_jid=4472485101
Senior Platform Engineer,Senior Platform Engineer,Mews,"['Software Companies', 'Cloud Computing Providers', 'Computer Hardware Companies']",mews.com,['English'],"['Azure', 'Terraform', 'Pulumi', 'AWS CDK', 'C#']",,,['ES'],[],[],Spain,https://www.mews.com/en/careers/jobs/4292519101?gh_jid=4292519101
Senior Platform Engineer,Senior Platform Engineer,Mews,"['Software Companies', 'Cloud Computing Providers', 'Computer Hardware Companies']",mews.com,['English'],"['Azure', 'Terraform', 'Pulumi', 'AWS CDK', 'C#']",,,['NL'],[],[],Netherlands,https://www.mews.com/en/careers/jobs/4292521101?gh_jid=4292521101
Software Engineer,Software Engineer,NICE,"['Software Companies', 'Manufacturing Companies', 'Electronic Products Manufacturers', 'Computer Hardware Companies', 'Cloud Computing Providers']",nice.com,['English'],"['Java', 'AWS', 'Docker', 'Kubernetes', 'CI/CD']",,,['IL'],[],"['Raanana, null, IL']","Raanana, Israel",https://boards.eu.greenhouse.io/nice/jobs/4550857101?gh_jid=4550857101
Senior Software Engineer,Senior Software Engineer,NICE,"['Software Companies', 'Manufacturing Companies', 'Electronic Products Manufacturers', 'Computer Hardware Companies', 'Cloud Computing Providers']",nice.com,['English'],[],,,['IN'],[],"['Pune, null, IN']","Pune, India",https://boards.eu.greenhouse.io/nice/jobs/4525228101?gh_jid=4525228101
Senior Software Engineer,Software Engineer,NICE,"['Software Companies', 'Manufacturing Companies', 'Electronic Products Manufacturers', 'Computer Hardware Companies', 'Cloud Computing Providers']",nice.com,['English'],"['Java', 'AWS', 'Spring', 'Spring Boot']",,,['IL'],[],"['Raanana, null, IL']","Raanana, Israel",https://boards.eu.greenhouse.io/nice/jobs/4526020101?gh_jid=4526020101
Specialist Software Engineer,Software Engineer,NICE,"['Software Companies', 'Manufacturing Companies', 'Electronic Products Manufacturers', 'Computer Hardware Companies', 'Cloud Computing Providers']",nice.com,['English'],"['Java', 'Spring', 'Hibernate', 'SQL', 'NoSQL', 'RESTful APIs', 'AWS', 'Azure', 'GCP', 'JavaScript', 'Angular', 'ReactJS']",,,['IN'],[],"['Pune, null, IN']","Pune, India",https://boards.eu.greenhouse.io/nice/jobs/4538793101?gh_jid=4538793101
Software Engineer,Software Engineer,NeoSoft LLC,['Healthcare'],,['English'],"['Java', 'C', 'C++', 'C#', 'Android', 'Apple development', 'Java-J2SE', 'Java Swing', 'DICOM']",,,['US'],"['Wisconsin, US']","['Pewaukee, Wisconsin, US']","Pewaukee, Waukesha County, Wisconsin",https://recruiting.paylocity.com/Recruiting/Jobs/Details/3043325
Software Engineer,Software Engineer,Valeo,"['Automotive Part Retailers', 'Retailers']",valeo.com,"['English', 'Portuguese']","['Microcontrollers', 'SW Flashing', 'Bootloader', 'Diagnostics', 'CAN', 'CAN-FD', 'LIN']",,,['BR'],[],"['Campinas, null, BR']","Campinas, Brazil",https://valeo.wd3.myworkdayjobs.com/valeo_jobs/job/Campinas/Software-Engineer_REQ2024045731
VIE Software Engineer,Software Engineer,Valeo,"['Automotive Part Retailers', 'Retailers']",valeo.com,['English'],[],,,['JP'],[],"['Tokyo, null, JP']","Tokyo, Japan",https://valeo.wd3.myworkdayjobs.com/valeo_jobs/job/Tokyo/VIE-Software-Engineer_REQ2025053066
VIE Software Ticket Engineer,Software Ticket Engineer,Valeo,"['Automotive Part Retailers', 'Retailers']",valeo.com,['English'],[],,,['JP'],[],"['Tokyo, null, JP']","Tokyo, Japan",https://valeo.wd3.myworkdayjobs.com/valeo_jobs/job/Tokyo/VIE-Software-Ticket-Engineer_REQ2025052139
System Test Engineer,System Test Engineer,Valeo,"['Automotive Part Retailers', 'Retailers']",valeo.com,['English'],[],,,['CZ'],[],"['Prague, null, CZ']","Prague, Czech Republic",https://valeo.wd3.myworkdayjobs.com/valeo_jobs/job/Prague/System-Test-Engineer_REQ2025052353
Software Engineer III,Software Engineer,J.P. Morgan,['Finance'],https://www.jpmorgan.com,['English'],"['AWS', 'Java', 'Python', 'Spark', 'Terraform']",,,['GB'],[],"['Bournemouth, null, GB']","Bournemouth, Dorset County, United Kingdom",https://jpmc-dev8.fa.oraclecloud.com/hcmUI/CandidateExperience/en/sites/CX/requisitions/job/210573183
Software Engineer III,Software Engineer,J.P. Morgan,['Finance'],https://www.jpmorgan.com,['English'],['Python'],,,['GB'],[],"['Glasgow, null, GB']","Glasgow, United Kingdom",https://jpmc-dev8.fa.oraclecloud.com/hcmUI/CandidateExperience/en/sites/CX/requisitions/job/210577502
Lead Software Engineer,Lead Software Engineer,J.P. Morgan,['Finance'],https://www.jpmorgan.com,['English'],"['Java', 'Spring', 'AWS', 'Kafka']",,,['GB'],[],"['Glasgow, null, GB']","Glasgow, United Kingdom",https://jpmc-dev8.fa.oraclecloud.com/hcmUI/CandidateExperience/en/sites/CX/requisitions/job/210584157
Software Engineer II,Software Engineer,JPMorgan Chase,['Finance'],https://www.jpmorgan.com,['English'],"['Java', 'Spring', 'Spring Boot', 'ReactJS', 'JavaScript', 'Typescript', 'Oracle', 'MySQL', 'MongoDB', 'AWS', 'Kafka', 'IBM MQ']",118750,150000,['US'],"['New Jersey, US']","['Jersey City, New Jersey, US']","Jersey City, New Jersey, United States",https://jpmc-dev8.fa.oraclecloud.com/hcmUI/CandidateExperience/en/sites/CX/requisitions/job/210575908
Software Engineer,Software Engineer,NatWest Group,"['Banks', 'Financial Services Companies']",jobs.natwestgroup.com,['English'],"['Java', 'Spring Boot', 'Microservices', 'Oracle', 'PostgreSQL', 'SQL', 'DevOps', 'Agile']",,,['IN'],[],"['Bangalore, null, IN']","Bangalore, India",https://rbs.wd3.myworkdayjobs.com/rbs/job/Bangalore/Software-Engineer_R-00252364
Software Engineer,Software Engineer,NatWest Group,"['Banks', 'Financial Services Companies']",jobs.natwestgroup.com,['English'],"['Java', 'Kafka', 'Mongo DB', 'DevOps', 'Agile']",,,['IN'],[],"['Bangalore, null, IN', 'Chennai, null, IN', 'Gurugram, null, IN']",Bangalore or Chennai or Gurugram,https://rbs.wd3.myworkdayjobs.com/rbs/job/Bangalore/Software-Engineer_R-00251448
Software Engineer,Software Engineer,NatWest Group,"['Banks', 'Financial Services Companies']",jobs.natwestgroup.com,['English'],"['AWS', 'Development Tools', 'Testing Tools', 'Bug Tracking Tools', 'Agile Methodology']",,,['IN'],[],"['Gurugram, null, IN', 'Chennai, null, IN']",Gurugram or Chennai,https://rbs.wd3.myworkdayjobs.com/rbs/job/Gurugram/Software-Engineer_R-00250297-1
Software Engineer,Software Engineer,NatWest Group,"['Banks', 'Financial Services Companies']",jobs.natwestgroup.com,['English'],"['Microsoft Exchange', 'Microsoft Teams', 'Cisco Ironport', 'PowerShell', 'DevOps', 'Agile']",,,['IN'],[],"['Bangalore, null, IN']","Bangalore, India",https://rbs.wd3.myworkdayjobs.com/rbs/job/Bangalore/Software-Engineer_R-00252332-1
Software Engineer,Software Engineer,Zoom Video Communications,"['Video Messaging Companies', 'Software Companies', 'Telecommunications Companies', 'Social Networking Companies', 'Media And Information Companies']",zoom.us,['English'],"['Java EE', 'REST services', 'Web Services', 'Oracle', 'MySQL', 'MS SQL', 'MongoDB', 'AWS', 'Kubernetes', 'Containers', 'Spring Framework', 'Shell scripting']",124000,271200,['US'],"['California, US']","['San Francisco, California, US']","San Francisco, California, United States",https://zoom.wd5.myworkdayjobs.com/zoom/job/Bay-Area-CA/Software-Engineer_R15677-1
AI Software Engineer,AI Software Engineer,Zoom Video Communications,"['Video Messaging Companies', 'Software Companies', 'Telecommunications Companies', 'Social Networking Companies', 'Media And Information Companies']",zoom.us,['English'],"['C++', 'Python', 'WebSocket', 'WebRTC', 'TensorFlow', 'PyTorch', 'ONNX']",,,['CN'],[],"['Hangzhou, null, CN']","Hangzhou, China",https://zoom.wd5.myworkdayjobs.com/zoom/job/Hangzhou-CHN/AI-Software-Engineer_R15716
AI Software Engineer,AI Software Engineer,Zoom Video Communications,"['Video Messaging Companies', 'Software Companies', 'Telecommunications Companies', 'Social Networking Companies', 'Media And Information Companies']",zoom.us,['English'],"['C++', 'Python', 'WebSocket', 'WebRTC', 'TensorFlow', 'PyTorch', 'ONNX']",,,['CN'],[],"['Hangzhou, null, CN']","Hangzhou, China",https://zoom.wd5.myworkdayjobs.com/zoom/job/Hangzhou-CHN/_R14465
Software Engineer - Java Backend,Software Engineer,Zoom Video Communications,"['Video Messaging Companies', 'Software Companies', 'Telecommunications Companies', 'Social Networking Companies', 'Media And Information Companies']",zoom.us,['English'],"['Java', 'Spring MVC', 'Spring Boot', 'SQL', 'NoSQL', 'AWS', 'Jenkins', 'Git', 'Splunk', 'ELK/Kibana', 'Datadog', 'Prometheus']",,,['IN'],[],[],India,https://zoom.wd5.myworkdayjobs.com/zoom/job/Remote--IND/Software-Engineer---Java-Backend_R15616-1
Software Engineer,Software Engineer,Snyk,"['Security Software Companies', 'Enterprise Software Companies', 'Software Companies']",snyk.io,['English'],"['Go', 'TypeScript']",,,['US'],"['Massachusetts, US']","['Boston, Massachusetts, US']","Boston, Massachusetts, United States",https://boards.greenhouse.io/snyk/jobs/7860238002
Software Engineer,Software Engineer,Snyk,"['Security Software Companies', 'Enterprise Software Companies', 'Software Companies']",snyk.io,['English'],"['Go', 'TypeScript', 'Kubernetes', 'Docker', 'eBPF']",,,['IL'],[],"['Tel Aviv, null, IL']","Tel Aviv, Israel",https://boards.greenhouse.io/snyk/jobs/7738361002
Software Engineer,Software Engineer,Snyk,"['Security Software Companies', 'Enterprise Software Companies', 'Software Companies']",snyk.io,['English'],"['Go', 'TypeScript', 'Python']",,,['GB'],[],"['London, null, GB']","London, United Kingdom",https://boards.greenhouse.io/snyk/jobs/7867048002
Staff Software Engineer,Staff Software Engineer,Snyk,"['Security Software Companies', 'Enterprise Software Companies', 'Software Companies']",snyk.io,['English'],"['Typescript', 'Go']",,,['IL'],[],"['Tel Aviv, null, IL']","Tel Aviv, Israel",https://boards.greenhouse.io/snyk/jobs/7738363002
Software Engineer,Software Engineer,JPMorgan Chase,['Finance'],https://www.jpmorgan.com,['English'],"['Linux', 'Agile SDLC', 'Application Architecture Disciplines', 'Microservices', 'Apache Kafka', 'Docker', 'Spring', 'Hibernate', 'Java', 'SQL', 'REST', 'Maven', 'Kubernetes', 'Oracle', 'GIT', 'Cucumber', 'Junit', 'Automated Testing', 'Functional Testing', 'Unit Testing', 'User Acceptance Testing']",,,['US'],"['Florida, US']","['Tampa, Florida, US']","Tampa, Florida, United States",https://jpmc.fa.oraclecloud.com/hcmUI/CandidateExperience/en/sites/CX/requisitions/job/210599630
Software Engineer,Software Engineer,JPMorgan Chase,['Finance'],https://www.jpmorgan.com,['English'],"['Java', 'J2EE', 'Spring', 'Python', 'AWS', 'Oracle', 'Postgres', 'HTML', 'React', 'Angular', 'JQuery', 'NodeJS', 'CSS', 'SonarQube']",,,['US'],"['Texas, US']","['Houston, Texas, US']","Houston, Texas, United States",https://jpmc.fa.oraclecloud.com/hcmUI/CandidateExperience/en/sites/CX/requisitions/job/210598990
Software Engineer,Software Engineer,JPMorgan Chase,['Finance'],https://www.jpmorgan.com,['English'],"['Java', 'Spring Boot', 'GraphQL', 'RESTful APIs', 'JavaScript', 'REACT', 'Angular', 'Elasticsearch', 'Jenkins', 'Cloud Foundry', 'MongoDB', 'Oracle Database', 'Splunk', 'AppDynamics', 'Sonar', 'ESLint', 'Snyk', 'Jira', 'Bitbucket', 'Confluence', 'Figma']",,,['US'],"['Texas, US']","['Plano, Texas, US']","Plano, Texas, United States",https://jpmc.fa.oraclecloud.com/hcmUI/CandidateExperience/en/sites/CX/requisitions/job/210604788
Software Engineer,Software Engineer,Chase,['Finance'],https://careers.jpmorgan.com,['English'],"['Unix', 'Agile SDLC', 'Application Architecture Disciplines', 'Microservices', 'Docker', 'J2EE', 'Spring', 'Java', 'Shell Scripting', 'REST', 'SOAP', 'JSON', 'MongoDB', 'GIT', 'Cucumber', 'Junit', 'Automated Testing', 'Blackbox Testing', 'Manual Testing', 'Performance Testing', 'Regression Testing', 'Smoke Testing', 'System Integration Testing', 'Unit Testing']",,,['US'],"['Texas, US']","['Plano, Texas, US']","Plano, Texas, United States",https://jpmc.fa.oraclecloud.com/hcmUI/CandidateExperience/en/sites/CX/requisitions/job/210604615
Software Engineer,Software Engineer,Emerson,['Information Technology'],https://www.emerson.com,['English'],"['Oracle E-Business Suite', 'Oracle PLSQL', 'RDBMS']",,,['HU'],[],"['Debrecen, null, HU']","Debrecen, Hajdú-Bihar County, Hungary",https://hdjq.fa.us2.oraclecloud.com/hcmUI/CandidateExperience/en/sites/CX/requisitions/job/25013811
Software Engineer,Software Engineer,Emerson,['Information Technology'],,['English'],"['C/C++', 'Python', 'Windows Driver Development', 'Linux Kernel Development', 'Agile Methodologies']",,,['MY'],"['Pulau Pinang, MY']","['Bayan Lepas, Pulau Pinang, MY']","Bayan Lepas, Pulau Pinang, Malaysia",https://hdjq.fa.us2.oraclecloud.com/hcmUI/CandidateExperience/en/sites/CX/requisitions/job/25014671
Software Engineer,Software Engineer,Emerson,['Information Technology'],,['English'],"['C', 'C++', 'Python', 'Windows Driver Development', 'Linux Kernel Development', 'Agile Development']",,,['MY'],"['Pulau Pinang, MY']","['Bayan Lepas, Pulau Pinang, MY']","Bayan Lepas, Pulau Pinang, Malaysia",https://hdjq.fa.us2.oraclecloud.com/hcmUI/CandidateExperience/en/sites/CX/requisitions/job/25014672
Engineer II Software Development,Software Engineer,Emerson,['Information Technology'],https://www.emerson.com,['English'],"['Node JS', 'C#', '.Net Core', 'Angular', 'React', 'TestNG', 'Bootstrap', 'JavaScript', 'Microsoft SQL Server', 'PostgreSQL', 'MySQL', 'Team Foundation Server', 'GitHub', 'Bitbucket', 'Docker', 'MQTT Broker', 'Mongo DB', 'REST APIs', 'Jenkins', 'Bamboo', 'Azure Cloud', 'DevOps', 'TCP/IP', 'OPC', 'OPC-UA']",,,['IN'],"['Maharashtra, IN']","['Pune, Maharashtra, IN']","Pune, Maharashtra, India",https://hdjq.fa.us2.oraclecloud.com/hcmUI/CandidateExperience/en/sites/CX/requisitions/job/24013027
Software Engineer,Software Engineer,Accenture Federal Services,['Software Companies'],afs.com,['English'],"['Java', 'SpringBoot', 'JavaScript', 'JMS', 'SOA', 'MongoDB', 'Docker', 'Kubernetes', 'ElasticSearch', 'AWS', 'React', 'Angular', 'Git']",84700,149000,['US'],"['Maryland, US']","['Annapolis Junction, Maryland, US']","Annapolis Junction, Maryland, United States",https://boards.greenhouse.io/accenturefederalservices/jobs/4436284006?gh_jid=4436284006
Software Engineer,Software Engineer,Accenture Federal Services,['Software Companies'],afs.com,['English'],[],76000,144000,['US'],"['Maryland, US']","['Annapolis Junction, Maryland, US']","Annapolis Junction, Maryland, United States",https://boards.greenhouse.io/accenturefederalservices/jobs/4406788006?gh_jid=4406788006
Software Engineer 0,Software Engineer,Accenture Federal Services,['Software Companies'],afs.com,['English'],[],84700,149000,['US'],"['Maryland, US']","['Annapolis Junction, Maryland, US']","Annapolis Junction, Maryland, United States",https://boards.greenhouse.io/accenturefederalservices/jobs/4449341006?gh_jid=4449341006
Software Engineer,Software Engineer,Accenture Federal Services,['Software Companies'],afs.com,['English'],"['C#', 'Java', 'Javascript', 'ReactJS', 'NodeJS']",120500,221800,['US'],"['Maryland, US']","['Annapolis Junction, Maryland, US']","Annapolis Junction, Maryland, United States",https://boards.greenhouse.io/accenturefederalservices/jobs/4414500006?gh_jid=4414500006
Software Engineer / Sr. Software Engineer - Payments Acceptance,Software Engineer,VGS,"['Security Software Companies', 'Enterprise Software Companies', 'Software Companies']",verygoodsecurity.com,['English'],"['AWS', 'Kubernetes', 'Docker', 'Java', 'Python', 'Spring Framework', 'Kafka', 'Grafana', 'Open Telemetry', 'CircleCI', 'GitHub Actions', 'Argo']",130000,180000,['US'],[],[],United States,https://jobs.lever.co/verygoodsecurity/1ae83852-7dc0-4683-99c7-014079179be9/apply
Software Engineer Intern,Software Engineer Intern,VGS,"['Security Software Companies', 'Enterprise Software Companies', 'Software Companies']",verygoodsecurity.com,['English'],"['Java', 'Python', 'AWS', 'Grafana']",41600,52000,['US'],"['Various, US']",[],"Various, United States",https://jobs.lever.co/verygoodsecurity/545c6abf-4891-4bd2-86fe-a6f877fb5d08/apply
Systems Integrations Engineer,Systems Integrations Engineer,VGS,"['Security Software Companies', 'Enterprise Software Companies', 'Software Companies']",verygoodsecurity.com,['English'],"['Python', 'JavaScript', 'Java', 'Go', 'AWS', 'Docker', 'Kubernetes', 'Apache Airflow', 'Terraform']",100000,140000,['US'],[],[],United States,https://jobs.lever.co/verygoodsecurity/0d937cbc-540a-4bf2-9c7b-faa87932caf4/apply
Software Engineer,Software Engineer,Leonardo,"['Aircraft Manufacturers', 'Motor Vehicle Manufacturers', 'Defense Companies', 'Professional Service Companies']",leonardocompany.com,"['English', 'Italian']","['Python', 'C++', 'Java', 'DOORS', 'Linux', 'UML', 'Microsoft SQL Server', 'PostgreSQL', 'MySQL', 'Oracle SQL', 'SQLite', 'SVN', 'Git', 'Eclipse', 'JetBrains', 'Visual Studio', 'JavaFx', 'QT', 'Angular']",,,['IT'],[],"['Rome, null, IT']","Rome, Italy",https://leonardocompany.wd3.myworkdayjobs.com/leonardocareersite/job/IT---Roma---Via-Tiburtina--KM12400/Software-Engineer_R0015912
Software Developer,Software Developer,Leonardo,"['Aircraft Manufacturers', 'Motor Vehicle Manufacturers', 'Defense Companies', 'Professional Service Companies']",leonardocompany.com,"['Italian', 'English']","['Python', 'C++', 'Java', 'DOORS', 'Linux', 'DBMS', 'SVN', 'Git', 'Eclipse', 'JetBrains', 'Visual Studio', 'Angular']",,,['IT'],[],"['Taranto, null, IT']","Taranto, Italy",https://leonardocompany.wd3.myworkdayjobs.com/leonardocareersite/job/IT---Taranto---Vle-del-Lavoro/Software-Developer_R0016054
Software Engineer (MATLAB),Software Engineer,Leonardo,"['Aircraft Manufacturers', 'Motor Vehicle Manufacturers', 'Defense Companies', 'Professional Service Companies']",leonardocompany.com,['English'],"['MATLAB', 'Simulink', 'C++', 'Jira', 'Confluence', 'Bitbucket', 'Gitlab']",,,['GB'],[],"['Edinburgh, null, GB', 'Newcastle, null, GB']",Edinburgh or Newcastle,https://leonardocompany.wd3.myworkdayjobs.com/leonardocareersite/job/GB---Edinburgh/Signal-Processing-Software-Engineer_R0007725
Software Developer,Software Developer,Leonardo,"['Aircraft Manufacturers', 'Motor Vehicle Manufacturers', 'Defense Companies', 'Professional Service Companies']",leonardocompany.com,"['Italian', 'English']","['Python', 'C++', 'Java', 'DOORS', 'Linux', 'SVN', 'Git', 'Eclipse', 'JetBrains', 'Visual Studio', 'JavaFx', 'QT', 'Angular', 'UML2', 'Microsoft SQL Server', 'PostgreSQL', 'MySQL', 'Oracle SQL', 'SQLite']",,,['IT'],[],"['Rome, null, IT']","Rome, Italy",https://leonardocompany.wd3.myworkdayjobs.com/leonardocareersite/job/IT---Roma---Via-Tiburtina-1020/Software-Developer_R0015908
Software Engineer ,Software Engineer,GOAT Group,"['Clothing Companies', 'Retailers', 'Clothing Retailers', 'Online Retailers', 'Underwear Brands']",goat.com,"['Chinese', 'English']","['Ruby', 'Golang', 'AWS', 'SQS', 'DynamoDB']",,,['CN'],[],"['Shanghai, null, CN']","Shanghai, China",https://job-boards.greenhouse.io/goatgroup/jobs/4488351005
Senior Software Engineer II,Senior Software Engineer,GOAT Group,"['Clothing Companies', 'Retailers', 'Clothing Retailers', 'Online Retailers', 'Underwear Brands']",goat.com,['English'],"['Ruby on Rails', 'Python', 'Go', 'PHP', 'Java']",,,['CN'],[],"['Shanghai, null, CN']","Shanghai, China",https://job-boards.greenhouse.io/goatgroup/jobs/4529492005
Senior Software Engineer I,Senior Software Engineer,GOAT Group,"['Clothing Companies', 'Retailers', 'Clothing Retailers', 'Online Retailers', 'Underwear Brands']",goat.com,['English'],"['Golang', 'Ruby on Rails', 'DynamoDB', 'gRPC', 'PostgreSQL', 'NodeJS', 'React']",149000,186000,['US'],[],[],United States,https://job-boards.greenhouse.io/goatgroup/jobs/4529301005
Software Engineer,Software Engineer,Integrators,['Software Companies'],integrators.cz,"['English', 'Czech']","['Java', 'Kotlin', 'Spring Framework', 'SQL', 'PostgreSQL', 'Hibernate', 'AMQP', 'RabbitMQ', 'Git', 'Kafka', 'HTML', 'CSS', 'Node.js', 'React', 'GraphQL', 'WebSocket', 'JSON', 'REST API', 'Gradle', 'Maven', 'Google Cloud Platform', 'Docker', 'Jenkins', 'OpenShift', 'Protobuf', 'gRPC']",,,['CZ'],[],"['Prague, null, CZ']","Prague, Czech Republic",https://jobs.lever.co/integrators.cz/061cead5-e638-40c5-9d93-5e98f2560d00/apply
Java Engineer,Java Engineer,Integrators,['Software Companies'],integrators.cz,"['English', 'Czech']","['Java', 'Spring Boot', 'Docker', 'Oracle', 'React', 'TestNG', 'Fluent Interface']",,,['CZ'],[],"['Prague, null, CZ']","Prague, Czech Republic",https://jobs.lever.co/integrators.cz/226e4994-5a8e-4de9-aa1f-b744a2b325de/apply
.NET Developer,.NET Developer,Integrators,['Software Companies'],integrators.cz,"['Czech', 'English']","['.NET 8', 'C# 12', 'ASP.NET Core', 'Entity Framework Core', 'Apache Kafka', 'MS SQL Server 2022', 'MongoDB', 'Azure App Services', 'Azure Functions', 'Service Bus', 'Terraform', 'Git', 'Visual Studio 2022', 'Rider']",,,['CZ'],[],"['Prague, null, CZ']","Prague, Czech Republic",https://jobs.lever.co/integrators.cz/4cb5832e-aeba-4fe1-bea2-de6256d5dd76/apply
JAVA development engineer - Core Services,JAVA Development Engineer,Integrators,['Software Companies'],integrators.cz,"['Czech', 'English']","['Java', 'Spring Boot', 'Apache Camel', 'Kubernetes', 'Microservices', 'PostgreSQL', 'REST', 'WS-SOAP', 'Artemis', 'Kafka']",,,['CZ'],[],"['Prague, null, CZ']","Prague, Czech Republic",https://jobs.lever.co/integrators.cz/e8137907-545f-424e-b614-f4ee62c8868a/apply
Software Engineer,Software Engineer,Altamira Technologies Corp.,['Information Technology'],https://altamiratechnologies.com,['English'],"['Java', 'Python', 'JavaScript', 'Angular', 'React', 'ElasticSearch', 'Kubernetes', 'Kafka', 'Web Services', 'Machine Learning', 'Data Analytics', 'NoSQL', 'SQL']",,,['US'],"['Virginia, US']","['McLean, Virginia, US', 'Warrenton, Virginia, US']",McLean or Warrenton,https://jobs.jobvite.com/altamiracorps/job/oa2xvfwY?nl=1&fr=true
Software Engineer,Software Engineer,Altamira Technologies Corp.,['Information Technology'],https://altamiratechnologies.com,['English'],"['Java', 'Python', 'JavaScript', 'Angular', 'React', 'ElasticSearch', 'Redis', 'Web Services', 'Machine Learning', 'Data Analytics', 'NoSQL', 'SQL']",,,['US'],"['Virginia, US']","['Warrenton, Virginia, US']","Warrenton, Virginia, United States",https://jobs.jobvite.com/altamiracorps/job/oQKovfwd?nl=1&fr=true
Software Engineer,Software Engineer,Altamira Technologies Corp.,['Information Technology'],https://altamiratechnologies.com,['English'],"['Java', 'Python', 'JavaScript', 'Angular', 'React', 'ElasticSearch', 'Kubernetes', 'Kafka', 'Web Services (REST)', 'Machine Learning', 'Data Analytics', 'NoSQL', 'SQL']",90000,225000,['US'],"['Colorado, US', 'Virginia, US']","['Denver, Colorado, US', 'Warrenton, Virginia, US']",Denver or Warrenton,https://jobs.jobvite.com/altamiracorps/job/oYMyvfwx?nl=1&fr=true
Principal Software Engineer,Principal Software Engineer,Altamira Technologies Corp.,['Information Technology'],https://altamiratechnologies.com,['English'],"['DevOps Pipelines', 'Docker', 'Kubernetes', 'Full Stack Development', 'Memory Databases', 'Microservices Architecture', 'Messaging Architectures', 'AWS']",,,['US'],"['Ohio, US']","['Fairborn, Ohio, US']","Fairborn, Ohio, United States",https://jobs.jobvite.com/altamiracorps/job/ou2kvfw5?nl=1&fr=true
